Model,Accuracy,F1-Score
DNN (Context),0.9987789987789988,0.9987639060568603
Random Forest,0.9951159951159951,0.9950372208436724
Logistic Regression,0.9938949938949939,0.9937888198757764
SVM,0.9853479853479854,0.9849624060150376
Decision Tree,1.0,1.0
MLP (Sklearn),0.9914529914529915,0.9912826899128269
